Date/time,Location,Picture Name,Predicted NO2
2021-04-17 01:47:01.360650,"(0.7319621443748474, -3.0113844871520996)",bergson_img_2021-04-17_01:46:39.jpg,low
2021-04-17 01:47:24.431233,"(0.7174579501152039, -2.9843356609344482)",bergson_img_2021-04-17_01:47:01.jpg,low
2021-04-17 01:47:45.462816,"(0.7038659453392029, -2.960275411605835)",bergson_img_2021-04-17_01:47:24.jpg,low
2021-04-17 01:48:07.775054,"(0.6892879009246826, -2.9357032775878906)",bergson_img_2021-04-17_01:47:45.jpg,low
2021-04-17 01:48:28.880668,"(0.6750655770301819, -2.9128353595733643)",bergson_img_2021-04-17_01:48:07.jpg,low
2021-04-17 01:48:49.920102,"(0.6605589389801025, -2.8905224800109863)",bergson_img_2021-04-17_01:48:28.jpg,low
2021-04-17 01:49:12.496140,"(0.6443619132041931, -2.8667001724243164)",bergson_img_2021-04-17_01:48:49.jpg,low
2021-04-17 01:49:33.496650,"(0.6293063163757324, -2.8454911708831787)",bergson_img_2021-04-17_01:49:12.jpg,low
2021-04-17 01:49:54.494902,"(0.6140096783638, -2.824779748916626)",bergson_img_2021-04-17_01:49:33.jpg,low
2021-04-17 01:50:17.667628,"(0.5969948172569275, -2.8026444911956787)",bergson_img_2021-04-17_01:49:54.jpg,low
2021-04-17 01:50:38.668615,"(0.58123379945755, -2.782914400100708)",bergson_img_2021-04-17_01:50:17.jpg,low
2021-04-17 01:50:59.596118,"(0.5652693510055542, -2.7636232376098633)",bergson_img_2021-04-17_01:50:38.jpg,low
2021-04-17 01:51:22.010759,"(0.5475641489028931, -2.7429771423339844)",bergson_img_2021-04-17_01:50:59.jpg,low
2021-04-17 01:51:42.837371,"(0.5319914817810059, -2.7254152297973633)",bergson_img_2021-04-17_01:51:22.jpg,low
2021-04-17 01:52:05.144468,"(0.5138912796974182, -2.7056479454040527)",bergson_img_2021-04-17_01:51:42.jpg,low
2021-04-17 01:52:26.114973,"(0.4971960783004761, -2.6879818439483643)",bergson_img_2021-04-17_01:52:05.jpg,low
2021-04-17 01:52:47.207923,"(0.480349063873291, -2.6706624031066895)",bergson_img_2021-04-17_01:52:26.jpg,low
2021-04-17 01:53:09.436563,"(0.4625464081764221, -2.652872085571289)",bergson_img_2021-04-17_01:52:47.jpg,low
2021-04-17 01:53:30.498867,"(0.44541507959365845, -2.6362111568450928)",bergson_img_2021-04-17_01:53:09.jpg,low
2021-04-17 01:53:51.233045,"(0.42815712094306946, -2.619846820831299)",bergson_img_2021-04-17_01:53:30.jpg,low
2021-04-17 01:54:13.694255,"(0.40994977951049805, -2.6030049324035645)",bergson_img_2021-04-17_01:53:51.jpg,low
2021-04-17 01:54:34.661848,"(0.39245572686195374, -2.587200403213501)",bergson_img_2021-04-17_01:54:13.jpg,low
2021-04-17 01:54:55.735977,"(0.37485700845718384, -2.571646213531494)",bergson_img_2021-04-17_01:54:34.jpg,low
2021-04-17 01:55:18.086527,"(0.35547003149986267, -2.5548815727233887)",bergson_img_2021-04-17_01:54:55.jpg,low
2021-04-17 01:55:39.157754,"(0.33767321705818176, -2.539806365966797)",bergson_img_2021-04-17_01:55:18.jpg,low
2021-04-17 01:56:00.187307,"(0.31979140639305115, -2.5249388217926025)",bergson_img_2021-04-17_01:55:39.jpg,low
2021-04-17 01:56:22.893524,"(0.30097323656082153, -2.509570837020874)",bergson_img_2021-04-17_01:56:00.jpg,low
2021-04-17 01:56:43.726301,"(0.28293535113334656, -2.495086669921875)",bergson_img_2021-04-17_01:56:22.jpg,low
2021-04-17 01:57:06.253631,"(0.2631019055843353, -2.4794154167175293)",bergson_img_2021-04-17_01:56:43.jpg,low
2021-04-17 01:57:27.300286,"(0.24492786824703217, -2.465268850326538)",bergson_img_2021-04-17_01:57:06.jpg,low
2021-04-17 01:57:48.501273,"(0.22669677436351776, -2.4512650966644287)",bergson_img_2021-04-17_01:57:27.jpg,low
2021-04-17 01:58:10.983335,"(0.20754167437553406, -2.436734676361084)",bergson_img_2021-04-17_01:57:48.jpg,low
2021-04-17 01:58:31.938551,"(0.18920893967151642, -2.4229862689971924)",bergson_img_2021-04-17_01:58:10.jpg,low
2021-04-17 01:58:52.883815,"(0.17083367705345154, -2.4093456268310547)",bergson_img_2021-04-17_01:58:31.jpg,low
2021-04-17 01:59:15.441832,"(0.15066500008106232, -2.3945162296295166)",bergson_img_2021-04-17_01:58:52.jpg,low
2021-04-17 01:59:36.386711,"(0.1322152465581894, -2.3810651302337646)",bergson_img_2021-04-17_01:59:15.jpg,low
2021-04-17 01:59:57.350093,"(0.11373671889305115, -2.3676881790161133)",bergson_img_2021-04-17_01:59:36.jpg,low
2021-04-17 02:00:20.392337,"(0.09347031265497208, -2.353109121322632)",bergson_img_2021-04-17_01:59:57.jpg,low
2021-04-17 02:00:41.280477,"(0.07494516670703888, -2.339852809906006)",bergson_img_2021-04-17_02:00:20.jpg,low
2021-04-17 02:01:03.054629,"(0.055520977824926376, -2.326009511947632)",bergson_img_2021-04-17_02:00:41.jpg,low
2021-04-17 02:01:24.356006,"(0.03696782886981964, -2.3128273487091064)",bergson_img_2021-04-17_02:01:03.jpg,low
2021-04-17 02:01:45.453567,"(0.018407203257083893, -2.299665689468384)",bergson_img_2021-04-17_02:01:24.jpg,low
2021-04-17 02:02:08.041462,"(-0.0019248996395617723, -2.2852623462677)",bergson_img_2021-04-17_02:01:45.jpg,low
2021-04-17 02:02:29.082695,"(-0.020488113164901733, -2.272110939025879)",bergson_img_2021-04-17_02:02:08.jpg,low
2021-04-17 02:02:50.195200,"(-0.039046335965394974, -2.258949041366577)",bergson_img_2021-04-17_02:02:29.jpg,low
2021-04-17 02:03:12.475570,"(-0.05847853422164917, -2.2451374530792236)",bergson_img_2021-04-17_02:02:50.jpg,low
2021-04-17 02:03:33.627918,"(-0.07701392471790314, -2.231921911239624)",bergson_img_2021-04-17_02:03:12.jpg,low
2021-04-17 02:03:54.636589,"(-0.09553194791078568, -2.2186641693115234)",bergson_img_2021-04-17_02:03:33.jpg,low
2021-04-17 02:04:17.243729,"(-0.1157887801527977, -2.2040836811065674)",bergson_img_2021-04-17_02:03:54.jpg,low
2021-04-17 02:04:38.194329,"(-0.134256973862648, -2.1907050609588623)",bergson_img_2021-04-17_02:04:17.jpg,low
2021-04-17 02:04:59.215739,"(-0.15269485116004944, -2.1772520542144775)",bergson_img_2021-04-17_02:04:38.jpg,low
2021-04-17 02:05:21.581169,"(-0.17197346687316895, -2.16306734085083)",bergson_img_2021-04-17_02:04:59.jpg,low
2021-04-17 02:05:43.016469,"(-0.19120898842811584, -2.1487770080566406)",bergson_img_2021-04-17_02:05:21.jpg,low
2021-04-17 02:06:05.464346,"(-0.21039621531963348, -2.134368419647217)",bergson_img_2021-04-17_02:05:43.jpg,low
2021-04-17 02:06:26.470503,"(-0.22866132855415344, -2.120492696762085)",bergson_img_2021-04-17_02:06:05.jpg,low
2021-04-17 02:06:47.964350,"(-0.24687282741069794, -2.1064858436584473)",bergson_img_2021-04-17_02:06:26.jpg,low
2021-04-17 02:07:10.368849,"(-0.2667514383792877, -2.0909810066223145)",bergson_img_2021-04-17_02:06:47.jpg,low
2021-04-17 02:07:31.421999,"(-0.28483450412750244, -2.0766613483428955)",bergson_img_2021-04-17_02:07:10.jpg,low
2021-04-17 02:07:52.482979,"(-0.30284830927848816, -2.06217360496521)",bergson_img_2021-04-17_02:07:31.jpg,low
2021-04-17 02:08:14.885228,"(-0.32163968682289124, -2.046802282333374)",bergson_img_2021-04-17_02:07:52.jpg,low
2021-04-17 02:08:35.770186,"(-0.339494526386261, -2.031930685043335)",bergson_img_2021-04-17_02:08:14.jpg,low
2021-04-17 02:08:56.630893,"(-0.3572629690170288, -2.0168521404266357)",bergson_img_2021-04-17_02:08:35.jpg,low
2021-04-17 02:09:19.028431,"(-0.37661734223365784, -2.0000832080841064)",bergson_img_2021-04-17_02:08:56.jpg,low
2021-04-17 02:09:39.968831,"(-0.39335063099861145, -1.9852720499038696)",bergson_img_2021-04-17_02:09:19.jpg,low
2021-04-17 02:10:00.963653,"(-0.41081735491752625, -1.9694762229919434)",bergson_img_2021-04-17_02:09:39.jpg,low
2021-04-17 02:10:23.972215,"(-0.4298182725906372, -1.9518718719482422)",bergson_img_2021-04-17_02:10:00.jpg,low
2021-04-17 02:10:45.454805,"(-0.44785812497138977, -1.9347177743911743)",bergson_img_2021-04-17_02:10:23.jpg,low
2021-04-17 02:11:07.966336,"(-0.46575722098350525, -1.9172371625900269)",bergson_img_2021-04-17_02:10:45.jpg,low
2021-04-17 02:11:29.137357,"(-0.48350653052330017, -1.899411916732788)",bergson_img_2021-04-17_02:11:07.jpg,low
2021-04-17 02:11:50.723484,"(-0.5003005862236023, -1.8820579051971436)",bergson_img_2021-04-17_02:11:29.jpg,low
2021-04-17 02:12:13.747290,"(-0.5185173153877258, -1.8626511096954346)",bergson_img_2021-04-17_02:11:50.jpg,low
2021-04-17 02:12:34.795585,"(-0.5349786877632141, -1.8445481061935425)",bergson_img_2021-04-17_02:12:13.jpg,low
2021-04-17 02:12:55.827973,"(-0.5512667298316956, -1.8260605335235596)",bergson_img_2021-04-17_02:12:34.jpg,low
2021-04-17 02:13:18.382731,"(-0.5688953399658203, -1.8053497076034546)",bergson_img_2021-04-17_02:12:55.jpg,low
2021-04-17 02:13:39.363070,"(-0.5847871899604797, -1.785997986793518)",bergson_img_2021-04-17_02:13:18.jpg,low
2021-04-17 02:14:00.558902,"(-0.600473165512085, -1.7662053108215332)",bergson_img_2021-04-17_02:13:39.jpg,low
2021-04-17 02:14:22.963356,"(-0.6166725754737854, -1.7449767589569092)",bergson_img_2021-04-17_02:14:00.jpg,low
2021-04-17 02:14:43.828204,"(-0.6319001317024231, -1.7242228984832764)",bergson_img_2021-04-17_02:14:22.jpg,low
2021-04-17 02:15:06.097692,"(-0.6482987403869629, -1.7009201049804688)",bergson_img_2021-04-17_02:14:43.jpg,low
2021-04-17 02:15:27.016260,"(-0.6630019545555115, -1.6791011095046997)",bergson_img_2021-04-17_02:15:06.jpg,low
2021-04-17 02:15:47.988209,"(-0.6767528653144836, -1.6578218936920166)",bergson_img_2021-04-17_02:15:27.jpg,low
2021-04-17 02:16:10.307416,"(-0.6922455430030823, -1.6327282190322876)",bergson_img_2021-04-17_02:15:47.jpg,low
2021-04-17 02:16:31.158887,"(-0.7060750722885132, -1.609216332435608)",bergson_img_2021-04-17_02:16:10.jpg,low
2021-04-17 02:16:52.040331,"(-0.7195867896080017, -1.5851138830184937)",bergson_img_2021-04-17_02:16:31.jpg,low
2021-04-17 02:17:14.664576,"(-0.7333829402923584, -1.5592130422592163)",bergson_img_2021-04-17_02:16:52.jpg,low
2021-04-17 02:17:35.374100,"(-0.746191680431366, -1.53385329246521)",bergson_img_2021-04-17_02:17:14.jpg,low
2021-04-17 02:17:56.065822,"(-0.7586304545402527, -1.5078588724136353)",bergson_img_2021-04-17_02:17:35.jpg,low
2021-04-17 02:18:18.317826,"(-0.7712449431419373, -1.479933261871338)",bergson_img_2021-04-17_02:17:56.jpg,low
2021-04-17 02:18:39.260869,"(-0.7828689217567444, -1.452605962753296)",bergson_img_2021-04-17_02:18:18.jpg,low
2021-04-17 02:19:00.267233,"(-0.7940659523010254, -1.4246160984039307)",bergson_img_2021-04-17_02:18:39.jpg,low
2021-04-17 02:19:22.541736,"(-0.8053169846534729, -1.3945785760879517)",bergson_img_2021-04-17_02:19:00.jpg,low
2021-04-17 02:19:43.979185,"(-0.8155785202980042, -1.3652235269546509)",bergson_img_2021-04-17_02:19:22.jpg,low
2021-04-17 02:20:06.902029,"(-0.8262574672698975, -1.3323110342025757)",bergson_img_2021-04-17_02:19:43.jpg,low
2021-04-17 02:20:28.673850,"(-0.8359007239341736, -1.3000928163528442)",bergson_img_2021-04-17_02:20:06.jpg,low
2021-04-17 02:20:50.303589,"(-0.844961941242218, -1.267167568206787)",bergson_img_2021-04-17_02:20:28.jpg,low
2021-04-17 02:21:13.313403,"(-0.8537880182266235, -1.2320106029510498)",bergson_img_2021-04-17_02:20:50.jpg,low
2021-04-17 02:21:35.051417,"(-0.8615883588790894, -1.197704792022705)",bergson_img_2021-04-17_02:21:13.jpg,low
2021-04-17 02:21:56.297887,"(-0.8684284687042236, -1.1643694639205933)",bergson_img_2021-04-17_02:21:35.jpg,low
2021-04-17 02:22:18.799024,"(-0.8749399185180664, -1.1288658380508423)",bergson_img_2021-04-17_02:21:56.jpg,low
2021-04-17 02:22:39.692699,"(-0.8805132508277893, -1.0944607257843018)",bergson_img_2021-04-17_02:22:18.jpg,low
2021-04-17 02:23:00.549516,"(-0.885443389415741, -1.0595959424972534)",bergson_img_2021-04-17_02:22:39.jpg,low
2021-04-17 02:23:23.075882,"(-0.8900882005691528, -1.0209403038024902)",bergson_img_2021-04-17_02:23:00.jpg,low
2021-04-17 02:23:43.974835,"(-0.8934731483459473, -0.9869791865348816)",bergson_img_2021-04-17_02:23:23.jpg,low
2021-04-17 02:24:06.394218,"(-0.8966010212898254, -0.9475913047790527)",bergson_img_2021-04-17_02:23:43.jpg,low
2021-04-17 02:24:27.371534,"(-0.8987329006195068, -0.9113823771476746)",bergson_img_2021-04-17_02:24:06.jpg,low
2021-04-17 02:24:48.493249,"(-0.9001666903495789, -0.875004231929779)",bergson_img_2021-04-17_02:24:27.jpg,low
2021-04-17 02:25:10.753777,"(-0.9009150862693787, -0.8367841243743896)",bergson_img_2021-04-17_02:24:48.jpg,low
2021-04-17 02:25:32.222845,"(-0.9008896946907043, -0.7985280156135559)",bergson_img_2021-04-17_02:25:10.jpg,low
2021-04-17 02:25:53.607734,"(-0.9001438021659851, -0.7620487213134766)",bergson_img_2021-04-17_02:25:32.jpg,low
2021-04-17 02:26:15.851918,"(-0.898608922958374, -0.7239462733268738)",bergson_img_2021-04-17_02:25:53.jpg,low
2021-04-17 02:26:37.037958,"(-0.8963084816932678, -0.6860350370407104)",bergson_img_2021-04-17_02:26:15.jpg,low
2021-04-17 02:26:58.524514,"(-0.8934057354927063, -0.6500924229621887)",bergson_img_2021-04-17_02:26:37.jpg,low
2021-04-17 02:27:21.748451,"(-0.8894451856613159, -0.6110744476318359)",bergson_img_2021-04-17_02:26:58.jpg,low
2021-04-17 02:27:43.309518,"(-0.8849055171012878, -0.5741596221923828)",bergson_img_2021-04-17_02:27:21.jpg,low
2021-04-17 02:28:05.867566,"(-0.8796462416648865, -0.5377033352851868)",bergson_img_2021-04-17_02:27:43.jpg,low
2021-04-17 02:28:26.798511,"(-0.8739700317382812, -0.5033820271492004)",bergson_img_2021-04-17_02:28:05.jpg,low
2021-04-17 02:28:47.703207,"(-0.8676692843437195, -0.4695702791213989)",bergson_img_2021-04-17_02:28:26.jpg,low
2021-04-17 02:29:09.912365,"(-0.8604171872138977, -0.43473532795906067)",bergson_img_2021-04-17_02:28:47.jpg,low
2021-04-17 02:29:30.807473,"(-0.8528918623924255, -0.4020769000053406)",bergson_img_2021-04-17_02:29:09.jpg,low
2021-04-17 02:29:51.748438,"(-0.8447967767715454, -0.3700246512889862)",bergson_img_2021-04-17_02:29:30.jpg,low
2021-04-17 02:30:14.543451,"(-0.8352999687194824, -0.33564046025276184)",bergson_img_2021-04-17_02:29:51.jpg,low
2021-04-17 02:30:35.747467,"(-0.826074481010437, -0.3049216568470001)",bergson_img_2021-04-17_02:30:14.jpg,low
2021-04-17 02:30:56.587342,"(-0.8163403868675232, -0.27485954761505127)",bergson_img_2021-04-17_02:30:35.jpg,low
2021-04-17 02:31:18.856913,"(-0.8056191802024841, -0.24407793581485748)",bergson_img_2021-04-17_02:30:56.jpg,low
2021-04-17 02:31:39.870956,"(-0.7949063777923584, -0.21537846326828003)",bergson_img_2021-04-17_02:31:18.jpg,low
2021-04-17 02:32:00.935776,"(-0.7837460041046143, -0.18734556436538696)",bergson_img_2021-04-17_02:31:39.jpg,low
2021-04-17 02:32:22.747100,"(-0.7715953588485718, -0.15868866443634033)",bergson_img_2021-04-17_02:32:00.jpg,low
2021-04-17 02:32:43.622380,"(-0.7595791220664978, -0.13200607895851135)",bergson_img_2021-04-17_02:32:22.jpg,low
2021-04-17 02:33:05.901720,"(-0.7465736269950867, -0.10474655777215958)",bergson_img_2021-04-17_02:32:43.jpg,low
2021-04-17 02:33:26.689026,"(-0.7337800860404968, -0.07937651872634888)",bergson_img_2021-04-17_02:33:05.jpg,low
2021-04-17 02:33:47.522266,"(-0.7206341624259949, -0.054628510028123856)",bergson_img_2021-04-17_02:33:26.jpg,low
2021-04-17 02:34:09.771278,"(-0.7065029144287109, -0.02935328334569931)",bergson_img_2021-04-17_02:33:47.jpg,low
2021-04-17 02:34:30.662319,"(-0.6926881670951843, -0.005832144059240818)",bergson_img_2021-04-17_02:34:09.jpg,low
2021-04-17 02:34:51.627058,"(-0.6785712838172913, 0.01711491495370865)",bergson_img_2021-04-17_02:34:30.jpg,low
2021-04-17 02:35:13.807211,"(-0.6634746789932251, 0.04055807739496231)",bergson_img_2021-04-17_02:34:51.jpg,low
2021-04-17 02:35:34.734647,"(-0.6487860083580017, 0.06238498166203499)",bergson_img_2021-04-17_02:35:13.jpg,low
2021-04-17 02:35:55.544613,"(-0.6338396668434143, 0.08369281142950058)",bergson_img_2021-04-17_02:35:34.jpg,low
2021-04-17 02:36:17.804339,"(-0.617919921875, 0.10547894239425659)",bergson_img_2021-04-17_02:35:55.jpg,low
2021-04-17 02:36:38.617212,"(-0.6024871468544006, 0.12578240036964417)",bergson_img_2021-04-17_02:36:17.jpg,low
2021-04-17 02:36:59.391457,"(-0.5868358016014099, 0.14562399685382843)",bergson_img_2021-04-17_02:36:38.jpg,low
2021-04-17 02:37:21.646197,"(-0.5702171921730042, 0.1659354269504547)",bergson_img_2021-04-17_02:36:59.jpg,low
2021-04-17 02:37:42.586433,"(-0.5541538000106812, 0.18488945066928864)",bergson_img_2021-04-17_02:37:21.jpg,low
2021-04-17 02:38:04.850608,"(-0.5371273756027222, 0.20431143045425415)",bergson_img_2021-04-17_02:37:42.jpg,low
2021-04-17 02:38:25.763114,"(-0.5206963419914246, 0.22245439887046814)",bergson_img_2021-04-17_02:38:04.jpg,low
2021-04-17 02:38:46.705786,"(-0.5041005611419678, 0.2402282953262329)",bergson_img_2021-04-17_02:38:25.jpg,low
2021-04-17 02:39:08.937007,"(-0.48654788732528687, 0.2584715485572815)",bergson_img_2021-04-17_02:38:46.jpg,low
2021-04-17 02:39:29.783852,"(-0.46964308619499207, 0.2755431830883026)",bergson_img_2021-04-17_02:39:08.jpg,low
2021-04-17 02:39:50.605295,"(-0.4526002109050751, 0.2922971546649933)",bergson_img_2021-04-17_02:39:29.jpg,low
2021-04-17 02:40:13.452464,"(-0.43378525972366333, 0.310301274061203)",bergson_img_2021-04-17_02:39:50.jpg,low
2021-04-17 02:40:34.299973,"(-0.41647854447364807, 0.32644128799438477)",bergson_img_2021-04-17_02:40:13.jpg,low
2021-04-17 02:40:55.280679,"(-0.3990573287010193, 0.3423120379447937)",bergson_img_2021-04-17_02:40:34.jpg,low
2021-04-17 02:41:17.590143,"(-0.380691260099411, 0.35866591334342957)",bergson_img_2021-04-17_02:40:55.jpg,low
2021-04-17 02:41:38.430138,"(-0.36305686831474304, 0.3740311563014984)",bergson_img_2021-04-17_02:41:17.jpg,low
2021-04-17 02:41:59.235815,"(-0.3453282415866852, 0.38917112350463867)",bergson_img_2021-04-17_02:41:38.jpg,low
2021-04-17 02:42:21.505582,"(-0.32666096091270447, 0.4048052728176117)",bergson_img_2021-04-17_02:41:59.jpg,low
2021-04-17 02:42:42.400585,"(-0.3087581694126129, 0.4195261597633362)",bergson_img_2021-04-17_02:42:21.jpg,low
2021-04-17 02:43:04.410209,"(-0.2899210751056671, 0.43475013971328735)",bergson_img_2021-04-17_02:42:42.jpg,low
2021-04-17 02:43:25.430293,"(-0.27186787128448486, 0.4491063356399536)",bergson_img_2021-04-17_02:43:04.jpg,low
2021-04-17 02:43:46.304266,"(-0.253749281167984, 0.4633033871650696)",bergson_img_2021-04-17_02:43:25.jpg,low
2021-04-17 02:44:08.537481,"(-0.23470339179039001, 0.4780189096927643)",bergson_img_2021-04-17_02:43:46.jpg,low
2021-04-17 02:44:29.383442,"(-0.2164667397737503, 0.4919273853302002)",bergson_img_2021-04-17_02:44:08.jpg,low
2021-04-17 02:44:50.197464,"(-0.19817979633808136, 0.505712628364563)",bergson_img_2021-04-17_02:44:29.jpg,low
2021-04-17 02:45:12.503435,"(-0.17897319793701172, 0.5200344920158386)",bergson_img_2021-04-17_02:44:50.jpg,low
2021-04-17 02:45:33.410763,"(-0.16059769690036774, 0.5336024165153503)",bergson_img_2021-04-17_02:45:12.jpg,low
2021-04-17 02:45:54.337202,"(-0.142185777425766, 0.5470809936523438)",bergson_img_2021-04-17_02:45:33.jpg,low
2021-04-17 02:46:16.586416,"(-0.12286274880170822, 0.5611172318458557)",bergson_img_2021-04-17_02:45:54.jpg,low
2021-04-17 02:46:37.342636,"(-0.10438970476388931, 0.5744461417198181)",bergson_img_2021-04-17_02:46:16.jpg,low
2021-04-17 02:46:58.087238,"(-0.08589324355125427, 0.5877179503440857)",bergson_img_2021-04-17_02:46:37.jpg,low
2021-04-17 02:47:20.172492,"(-0.0664953887462616, 0.6015718579292297)",bergson_img_2021-04-17_02:46:58.jpg,low
2021-04-17 02:47:40.942722,"(-0.048846565186977386, 0.6141316890716553)",bergson_img_2021-04-17_02:47:20.jpg,low
2021-04-17 02:48:02.042963,"(-0.029421333223581314, 0.627920389175415)",bergson_img_2021-04-17_02:47:40.jpg,low
2021-04-17 02:48:23.606266,"(-0.01087192352861166, 0.6410661339759827)",bergson_img_2021-04-17_02:48:02.jpg,low
2021-04-17 02:48:44.329272,"(0.007680391892790794, 0.6542064547538757)",bergson_img_2021-04-17_02:48:23.jpg,low
2021-04-17 02:49:06.618414,"(0.027114884927868843, 0.6679775714874268)",bergson_img_2021-04-17_02:48:44.jpg,low
2021-04-17 02:49:27.499053,"(0.04566061496734619, 0.6811381578445435)",bergson_img_2021-04-17_02:49:06.jpg,low
2021-04-17 02:49:48.543953,"(0.06419700384140015, 0.6943241953849792)",bergson_img_2021-04-17_02:49:27.jpg,low
2021-04-17 02:50:11.521240,"(0.08448323607444763, 0.7088071703910828)",bergson_img_2021-04-17_02:49:48.jpg,low
2021-04-17 02:50:32.515374,"(0.10298684239387512, 0.7220795154571533)",bergson_img_2021-04-17_02:50:11.jpg,low
2021-04-17 02:50:53.448448,"(0.12146841734647751, 0.7354090213775635)",bergson_img_2021-04-17_02:50:32.jpg,low
2021-04-17 02:51:15.705497,"(0.14080186188220978, 0.7494460940361023)",bergson_img_2021-04-17_02:50:53.jpg,low
2021-04-17 02:51:36.601394,"(0.15922513604164124, 0.7629256248474121)",bergson_img_2021-04-17_02:51:15.jpg,low
2021-04-17 02:51:57.446688,"(0.17761333286762238, 0.7764946818351746)",bergson_img_2021-04-17_02:51:36.jpg,low
2021-04-17 02:52:19.724795,"(0.19683469831943512, 0.7908177971839905)",bergson_img_2021-04-17_02:51:57.jpg,low
2021-04-17 02:52:40.747902,"(0.21513709425926208, 0.8046045303344727)",bergson_img_2021-04-17_02:52:19.jpg,low
2021-04-17 02:53:01.935707,"(0.23339051008224487, 0.8185146450996399)",bergson_img_2021-04-17_02:52:40.jpg,low
2021-04-17 02:53:23.616781,"(0.25245538353919983, 0.8332321643829346)",bergson_img_2021-04-17_02:53:01.jpg,low
2021-04-17 02:53:44.513521,"(0.2705933749675751, 0.8474314212799072)",bergson_img_2021-04-17_02:53:23.jpg,low
2021-04-17 02:54:06.805268,"(0.2895262539386749, 0.8624780774116516)",bergson_img_2021-04-17_02:53:44.jpg,low
2021-04-17 02:54:27.528619,"(0.3075273334980011, 0.877017080783844)",bergson_img_2021-04-17_02:54:06.jpg,low
2021-04-17 02:54:48.399971,"(0.32545334100723267, 0.891741156578064)",bergson_img_2021-04-17_02:54:27.jpg,low
2021-04-17 02:55:10.695177,"(0.344146192073822, 0.9073790907859802)",bergson_img_2021-04-17_02:54:48.jpg,low
2021-04-17 02:55:31.335052,"(0.3619004487991333, 0.9225230813026428)",bergson_img_2021-04-17_02:55:10.jpg,low
2021-04-17 02:55:52.154454,"(0.37956154346466064, 0.9378929138183594)",bergson_img_2021-04-17_02:55:31.jpg,low
2021-04-17 02:56:14.460134,"(0.39795681834220886, 0.9542521238327026)",bergson_img_2021-04-17_02:55:52.jpg,low
2021-04-17 02:56:35.371315,"(0.4154069721698761, 0.9701286554336548)",bergson_img_2021-04-17_02:56:14.jpg,low
2021-04-17 02:56:56.122807,"(0.4327436685562134, 0.9862750172615051)",bergson_img_2021-04-17_02:56:35.jpg,low
2021-04-17 02:57:18.378291,"(0.45077621936798096, 1.003496527671814)",bergson_img_2021-04-17_02:56:56.jpg,low
2021-04-17 02:57:39.134277,"(0.46785739064216614, 1.0202436447143555)",bergson_img_2021-04-17_02:57:18.jpg,low
2021-04-17 02:58:00.096672,"(0.4848018288612366, 1.037308692932129)",bergson_img_2021-04-17_02:57:39.jpg,low
2021-04-17 02:58:22.362698,"(0.502397358417511, 1.0555450916290283)",bergson_img_2021-04-17_02:58:00.jpg,low
2021-04-17 02:58:43.416985,"(0.5190352201461792, 1.073312759399414)",bergson_img_2021-04-17_02:58:22.jpg,low
2021-04-17 02:59:05.808099,"(0.5362898707389832, 1.0923229455947876)",bergson_img_2021-04-17_02:58:43.jpg,low
2021-04-17 02:59:26.597902,"(0.5525826215744019, 1.1108659505844116)",bergson_img_2021-04-17_02:59:05.jpg,low
2021-04-17 02:59:47.883819,"(0.568691611289978, 1.129814863204956)",bergson_img_2021-04-17_02:59:26.jpg,low
2021-04-17 03:00:10.861497,"(0.5861114263534546, 1.151056170463562)",bergson_img_2021-04-17_02:59:47.jpg,low
2021-04-17 03:00:32.146198,"(0.6025422215461731, 1.1718727350234985)",bergson_img_2021-04-17_03:00:10.jpg,low
2021-04-17 03:00:53.121990,"(0.61800217628479, 1.19221830368042)",bergson_img_2021-04-17_03:00:32.jpg,low
2021-04-17 03:01:15.518520,"(0.6339502334594727, 1.214051604270935)",bergson_img_2021-04-17_03:00:53.jpg,low
2021-04-17 03:01:36.380898,"(0.6489230990409851, 1.2354074716567993)",bergson_img_2021-04-17_03:01:15.jpg,low
2021-04-17 03:01:57.353046,"(0.6636377573013306, 1.2572853565216064)",bergson_img_2021-04-17_03:01:36.jpg,low
2021-04-17 03:02:19.777133,"(0.6787607669830322, 1.2807854413986206)",bergson_img_2021-04-17_03:01:57.jpg,low
2021-04-17 03:02:40.878126,"(0.6929020285606384, 1.3037903308868408)",bergson_img_2021-04-17_03:02:19.jpg,low
2021-04-17 03:03:02.316983,"(0.7073913216590881, 1.3285102844238281)",bergson_img_2021-04-17_03:02:40.jpg,low
2021-04-17 03:03:23.866979,"(0.7208946943283081, 1.3527158498764038)",bergson_img_2021-04-17_03:03:02.jpg,low
2021-04-17 03:03:44.865695,"(0.7340614199638367, 1.3775324821472168)",bergson_img_2021-04-17_03:03:23.jpg,low
2021-04-17 03:04:07.202194,"(0.7480754852294922, 1.4054312705993652)",bergson_img_2021-04-17_03:03:44.jpg,low
2021-04-17 03:04:28.126066,"(0.7604803442955017, 1.4315742254257202)",bergson_img_2021-04-17_03:04:07.jpg,low
2021-04-17 03:04:49.125361,"(0.7724932432174683, 1.4583684206008911)",bergson_img_2021-04-17_03:04:28.jpg,low
2021-04-17 03:05:11.555016,"(0.7846371531486511, 1.4871469736099243)",bergson_img_2021-04-17_03:04:49.jpg,low
2021-04-17 03:05:32.548618,"(0.7957879900932312, 1.5153001546859741)",bergson_img_2021-04-17_03:05:11.jpg,low
2021-04-17 03:05:53.354046,"(0.8064877390861511, 1.544123888015747)",bergson_img_2021-04-17_03:05:32.jpg,low
2021-04-17 03:06:15.558005,"(0.817191481590271, 1.5750396251678467)",bergson_img_2021-04-17_03:05:53.jpg,low
2021-04-17 03:06:36.563388,"(0.8269050121307373, 1.6052331924438477)",bergson_img_2021-04-17_03:06:15.jpg,low
2021-04-17 03:06:57.514193,"(0.83610600233078, 1.636086344718933)",bergson_img_2021-04-17_03:06:36.jpg,low
2021-04-17 03:07:20.137257,"(0.8455711603164673, 1.6706205606460571)",bergson_img_2021-04-17_03:06:57.jpg,low
2021-04-17 03:07:40.940973,"(0.8532618284225464, 1.70126473903656)",bergson_img_2021-04-17_03:07:20.jpg,low
2021-04-17 03:08:02.723664,"(0.861120343208313, 1.735610008239746)",bergson_img_2021-04-17_03:07:40.jpg,low
2021-04-17 03:08:23.786094,"(0.8680146932601929, 1.7689887285232544)",bergson_img_2021-04-17_03:08:02.jpg,low
2021-04-17 03:08:44.690213,"(0.8742977380752563, 1.8029154539108276)",bergson_img_2021-04-17_03:08:23.jpg,low
2021-04-17 03:09:07.240004,"(0.8804574608802795, 1.8406572341918945)",bergson_img_2021-04-17_03:08:44.jpg,low
2021-04-17 03:09:28.195916,"(0.8854053616523743, 1.8756039142608643)",bergson_img_2021-04-17_03:09:07.jpg,low
2021-04-17 03:09:49.094541,"(0.8896929621696472, 1.9109654426574707)",bergson_img_2021-04-17_03:09:28.jpg,low
2021-04-17 03:10:11.776834,"(0.8934623599052429, 1.9483981132507324)",bergson_img_2021-04-17_03:09:49.jpg,low
2021-04-17 03:10:32.835847,"(0.8963595032691956, 1.9844393730163574)",bergson_img_2021-04-17_03:10:11.jpg,low
2021-04-17 03:10:53.827211,"(0.8985626697540283, 2.020721435546875)",bergson_img_2021-04-17_03:10:32.jpg,low
2021-04-17 03:11:16.100979,"(0.9001712799072266, 2.060659646987915)",bergson_img_2021-04-17_03:10:53.jpg,low
2021-04-17 03:11:37.006615,"(0.9009003639221191, 2.097236156463623)",bergson_img_2021-04-17_03:11:16.jpg,low
2021-04-17 03:11:57.988977,"(0.9009360671043396, 2.132105827331543)",bergson_img_2021-04-17_03:11:37.jpg,low
2021-04-17 03:12:20.339023,"(0.9001825451850891, 2.1721701622009277)",bergson_img_2021-04-17_03:11:57.jpg,low
2021-04-17 03:12:41.100708,"(0.8987546563148499, 2.2086451053619385)",bergson_img_2021-04-17_03:12:20.jpg,low
2021-04-17 03:13:03.161685,"(0.8965063095092773, 2.2466742992401123)",bergson_img_2021-04-17_03:12:41.jpg,low
2021-04-17 03:13:24.002041,"(0.8936490416526794, 2.28273344039917)",bergson_img_2021-04-17_03:13:03.jpg,low
2021-04-17 03:13:44.742693,"(0.8902902603149414, 2.3167994022369385)",bergson_img_2021-04-17_03:13:24.jpg,low
2021-04-17 03:14:06.988027,"(0.8858886361122131, 2.35390043258667)",bergson_img_2021-04-17_03:13:44.jpg,low
2021-04-17 03:14:27.864647,"(0.8810091018676758, 2.388897180557251)",bergson_img_2021-04-17_03:14:06.jpg,low
2021-04-17 03:14:48.672667,"(0.8754817843437195, 2.423435926437378)",bergson_img_2021-04-17_03:14:27.jpg,low
2021-04-17 03:15:10.958370,"(0.8690137267112732, 2.459080457687378)",bergson_img_2021-04-17_03:14:48.jpg,low
2021-04-17 03:15:31.943562,"(0.8622104525566101, 2.4925501346588135)",bergson_img_2021-04-17_03:15:10.jpg,low
2021-04-17 03:15:52.622849,"(0.8548109531402588, 2.525444746017456)",bergson_img_2021-04-17_03:15:31.jpg,low
2021-04-17 03:16:14.867583,"(0.8464400172233582, 2.559258222579956)",bergson_img_2021-04-17_03:15:52.jpg,low
2021-04-17 03:16:35.524952,"(0.8378790020942688, 2.590893030166626)",bergson_img_2021-04-17_03:16:14.jpg,low
2021-04-17 03:16:56.417371,"(0.8287807703018188, 2.6218831539154053)",bergson_img_2021-04-17_03:16:35.jpg,low
2021-04-17 03:17:19.096476,"(0.8182235956192017, 2.6550703048706055)",bergson_img_2021-04-17_03:16:56.jpg,low
2021-04-17 03:17:40.109254,"(0.8080655336380005, 2.68467378616333)",bergson_img_2021-04-17_03:17:19.jpg,low
2021-04-17 03:18:01.285756,"(0.7974328994750977, 2.713606595993042)",bergson_img_2021-04-17_03:17:40.jpg,low
2021-04-17 03:18:22.913048,"(0.786345899105072, 2.741868734359741)",bergson_img_2021-04-17_03:18:01.jpg,low
2021-04-17 03:18:43.776970,"(0.774824321269989, 2.769463300704956)",bergson_img_2021-04-17_03:18:22.jpg,low
2021-04-17 03:19:06.207021,"(0.761729896068573, 2.798926830291748)",bergson_img_2021-04-17_03:18:43.jpg,low
2021-04-17 03:19:27.074372,"(0.7493605017662048, 2.8251445293426514)",bergson_img_2021-04-17_03:19:06.jpg,low
2021-04-17 03:19:47.868478,"(0.7372305989265442, 2.849517345428467)",bergson_img_2021-04-17_03:19:27.jpg,low
2021-04-17 03:20:10.737892,"(0.7228800058364868, 2.8768410682678223)",bergson_img_2021-04-17_03:19:47.jpg,low
2021-04-17 03:20:31.713438,"(0.7094209790229797, 2.9011456966400146)",bergson_img_2021-04-17_03:20:10.jpg,low
2021-04-17 03:20:52.419025,"(0.6956391930580139, 2.9248526096343994)",bergson_img_2021-04-17_03:20:31.jpg,low
2021-04-17 03:21:14.778647,"(0.6808725595474243, 2.9490654468536377)",bergson_img_2021-04-17_03:20:52.jpg,low
2021-04-17 03:21:35.749341,"(0.6664795279502869, 2.9716012477874756)",bergson_img_2021-04-17_03:21:14.jpg,low
2021-04-17 03:21:56.806609,"(0.6518110036849976, 2.9935925006866455)",bergson_img_2021-04-17_03:21:35.jpg,low
2021-04-17 03:22:19.032781,"(0.6354462504386902, 3.017075538635254)",bergson_img_2021-04-17_03:21:56.jpg,low
2021-04-17 03:22:40.070313,"(0.6202459335327148, 3.0379867553710938)",bergson_img_2021-04-17_03:22:19.jpg,low
2021-04-17 03:23:01.108793,"(0.6048122048377991, 3.0584113597869873)",bergson_img_2021-04-17_03:22:40.jpg,low
2021-04-17 03:23:23.273004,"(0.5884067416191101, 3.0793075561523438)",bergson_img_2021-04-17_03:23:01.jpg,low
2021-04-17 03:23:44.094771,"(0.5725331902503967, 3.098795175552368)",bergson_img_2021-04-17_03:23:23.jpg,low
2021-04-17 03:24:06.357661,"(0.5556923151016235, 3.118751287460327)",bergson_img_2021-04-17_03:23:44.jpg,low
2021-04-17 03:24:27.372165,"(0.5394262671470642, 3.137380361557007)",bergson_img_2021-04-17_03:24:06.jpg,low
2021-04-17 03:24:48.288791,"(0.5229843258857727, -3.1275672912597656)",bergson_img_2021-04-17_03:24:27.jpg,low
2021-04-17 03:25:10.608259,"(0.5055814981460571, -3.1088619232177734)",bergson_img_2021-04-17_03:24:48.jpg,low
2021-04-17 03:25:31.505038,"(0.4888094961643219, -3.0913710594177246)",bergson_img_2021-04-17_03:25:10.jpg,low
2021-04-17 03:25:52.349315,"(0.47189003229141235, -3.074218511581421)",bergson_img_2021-04-17_03:25:31.jpg,low
2021-04-17 03:26:14.856706,"(0.45401591062545776, -3.056594133377075)",bergson_img_2021-04-17_03:25:52.jpg,low
2021-04-17 03:26:35.815869,"(0.43682050704956055, -3.040083169937134)",bergson_img_2021-04-17_03:26:14.jpg,low
2021-04-17 03:26:56.616597,"(0.41950225830078125, -3.0238611698150635)",bergson_img_2021-04-17_03:26:35.jpg,low
2021-04-17 03:27:19.008825,"(0.4004024565219879, -3.0064077377319336)",bergson_img_2021-04-17_03:26:56.jpg,low
2021-04-17 03:27:40.010836,"(0.38285043835639954, -2.9907419681549072)",bergson_img_2021-04-17_03:27:19.jpg,low
2021-04-17 03:28:00.879218,"(0.3660401999950409, -2.976047992706299)",bergson_img_2021-04-17_03:27:40.jpg,low
2021-04-17 03:28:23.127307,"(0.3466024696826935, -2.9594061374664307)",bergson_img_2021-04-17_03:28:00.jpg,low
2021-04-17 03:28:43.945784,"(0.32961398363113403, -2.9451444149017334)",bergson_img_2021-04-17_03:28:23.jpg,low
2021-04-17 03:29:06.151137,"(0.3099851906299591, -2.9289684295654297)",bergson_img_2021-04-17_03:28:43.jpg,low
2021-04-17 03:29:27.125751,"(0.29198336601257324, -2.914395332336426)",bergson_img_2021-04-17_03:29:06.jpg,low
2021-04-17 03:29:47.963033,"(0.27477309107780457, -2.9006783962249756)",bergson_img_2021-04-17_03:29:27.jpg,low
2021-04-17 03:30:10.694577,"(0.25490817427635193, -2.885085344314575)",bergson_img_2021-04-17_03:29:47.jpg,low
2021-04-17 03:30:31.678639,"(0.23670782148838043, -2.871004819869995)",bergson_img_2021-04-17_03:30:10.jpg,low
2021-04-17 03:30:52.416307,"(0.21845263242721558, -2.8570616245269775)",bergson_img_2021-04-17_03:30:31.jpg,low
2021-04-17 03:31:14.367242,"(0.19927464425563812, -2.8425889015197754)",bergson_img_2021-04-17_03:30:52.jpg,low
2021-04-17 03:31:34.836254,"(0.181797057390213, -2.829540491104126)",bergson_img_2021-04-17_03:31:14.jpg,low
2021-04-17 03:31:55.708537,"(0.16340598464012146, -2.8159401416778564)",bergson_img_2021-04-17_03:31:34.jpg,low
2021-04-17 03:32:18.191599,"(0.14322201907634735, -2.801149606704712)",bergson_img_2021-04-17_03:31:55.jpg,low
2021-04-17 03:32:39.178875,"(0.12476018071174622, -2.7877297401428223)",bergson_img_2021-04-17_03:32:18.jpg,low
2021-04-17 03:33:00.110194,"(0.10627126693725586, -2.7743794918060303)",bergson_img_2021-04-17_03:32:39.jpg,low
2021-04-17 03:33:22.542841,"(0.08687750995159149, -2.7604568004608154)",bergson_img_2021-04-17_03:33:00.jpg,low
2021-04-17 03:33:43.543954,"(0.0683462992310524, -2.7472164630889893)",bergson_img_2021-04-17_03:33:22.jpg,low
2021-04-17 03:34:05.962732,"(0.048917315900325775, -2.7333860397338867)",bergson_img_2021-04-17_03:33:43.jpg,low
2021-04-17 03:34:27.167051,"(0.02947726845741272, -2.719585418701172)",bergson_img_2021-04-17_03:34:05.jpg,low
2021-04-17 03:34:48.138340,"(0.010914805345237255, -2.7064292430877686)",bergson_img_2021-04-17_03:34:27.jpg,low
2021-04-17 03:35:10.561018,"(-0.008533461950719357, -2.6926534175872803)",bergson_img_2021-04-17_03:34:48.jpg,low
2021-04-17 03:35:31.562457,"(-0.02709532529115677, -2.679499387741089)",bergson_img_2021-04-17_03:35:10.jpg,low
2021-04-17 03:35:52.670590,"(-0.04565076157450676, -2.6663312911987305)",bergson_img_2021-04-17_03:35:31.jpg,low
2021-04-17 03:36:15.087740,"(-0.06596122682094574, -2.6518802642822266)",bergson_img_2021-04-17_03:35:52.jpg,low
2021-04-17 03:36:36.015420,"(-0.08449006825685501, -2.6386489868164062)",bergson_img_2021-04-17_03:36:15.jpg,low
2021-04-17 03:36:57.114914,"(-0.10299988836050034, -2.6253714561462402)",bergson_img_2021-04-17_03:36:36.jpg,low
2021-04-17 03:37:19.352291,"(-0.12236620485782623, -2.611401319503784)",bergson_img_2021-04-17_03:36:57.jpg,low
2021-04-17 03:37:40.381717,"(-0.1408240646123886, -2.5979974269866943)",bergson_img_2021-04-17_03:37:19.jpg,low
2021-04-17 03:38:01.332693,"(-0.15925006568431854, -2.5845155715942383)",bergson_img_2021-04-17_03:37:40.jpg,low
2021-04-17 03:38:23.128139,"(-0.17851459980010986, -2.570296287536621)",bergson_img_2021-04-17_03:38:01.jpg,low
2021-04-17 03:38:44.290552,"(-0.19686168432235718, -2.5566213130950928)",bergson_img_2021-04-17_03:38:23.jpg,low
2021-04-17 03:39:06.614724,"(-0.21603365242481232, -2.542175531387329)",bergson_img_2021-04-17_03:38:44.jpg,low
2021-04-17 03:39:27.384478,"(-0.2342827171087265, -2.5282604694366455)",bergson_img_2021-04-17_03:39:06.jpg,low
2021-04-17 03:39:48.251428,"(-0.25247669219970703, -2.5142109394073486)",bergson_img_2021-04-17_03:39:27.jpg,low
2021-04-17 03:40:11.157326,"(-0.2723343074321747, -2.498655080795288)",bergson_img_2021-04-17_03:39:48.jpg,low
2021-04-17 03:40:32.053323,"(-0.2903965711593628, -2.4842848777770996)",bergson_img_2021-04-17_03:40:11.jpg,low
2021-04-17 03:40:53.041597,"(-0.3083879053592682, -2.469743013381958)",bergson_img_2021-04-17_03:40:32.jpg,low
2021-04-17 03:41:15.294847,"(-0.32715392112731934, -2.454310178756714)",bergson_img_2021-04-17_03:40:53.jpg,low
2021-04-17 03:41:36.042732,"(-0.34498271346092224, -2.4393763542175293)",bergson_img_2021-04-17_03:41:15.jpg,low
2021-04-17 03:41:56.976140,"(-0.3618805706501007, -2.424957275390625)",bergson_img_2021-04-17_03:41:36.jpg,low
2021-04-17 03:42:19.294088,"(-0.38120731711387634, -2.4081227779388428)",bergson_img_2021-04-17_03:41:56.jpg,low
2021-04-17 03:42:40.201174,"(-0.3987478017807007, -2.3925013542175293)",bergson_img_2021-04-17_03:42:19.jpg,low
2021-04-17 03:43:01.023471,"(-0.4161806106567383, -2.3766255378723145)",bergson_img_2021-04-17_03:42:40.jpg,low
2021-04-17 03:43:22.869284,"(-0.43349871039390564, -2.360480546951294)",bergson_img_2021-04-17_03:43:01.jpg,low
2021-04-17 03:43:43.619247,"(-0.4506949186325073, -2.3440511226654053)",bergson_img_2021-04-17_03:43:22.jpg,low
2021-04-17 03:44:05.903805,"(-0.4685709774494171, -2.326517343521118)",bergson_img_2021-04-17_03:43:43.jpg,low
2021-04-17 03:44:26.614502,"(-0.4854935109615326, -2.3094565868377686)",bergson_img_2021-04-17_03:44:05.jpg,low
2021-04-17 03:44:47.376115,"(-0.5022698640823364, -2.292062282562256)",bergson_img_2021-04-17_03:44:26.jpg,low
2021-04-17 03:45:09.796409,"(-0.5196788907051086, -2.2734642028808594)",bergson_img_2021-04-17_03:44:47.jpg,low
2021-04-17 03:45:30.549131,"(-0.5361284613609314, -2.2553346157073975)",bergson_img_2021-04-17_03:45:09.jpg,low
2021-04-17 03:45:51.392901,"(-0.5524039268493652, -2.2368195056915283)",bergson_img_2021-04-17_03:45:30.jpg,low
2021-04-17 03:46:13.677222,"(-0.5692569017410278, -2.216989040374756)",bergson_img_2021-04-17_03:45:51.jpg,low
2021-04-17 03:46:34.538222,"(-0.5851442217826843, -2.197627544403076)",bergson_img_2021-04-17_03:46:13.jpg,low
2021-04-17 03:46:55.308873,"(-0.6008253693580627, -2.1778247356414795)",bergson_img_2021-04-17_03:46:34.jpg,low
2021-04-17 03:47:17.498862,"(-0.6170194745063782, -2.156585216522217)",bergson_img_2021-04-17_03:46:55.jpg,low
2021-04-17 03:47:38.414624,"(-0.6322417259216309, -2.135820150375366)",bergson_img_2021-04-17_03:47:17.jpg,low
2021-04-17 03:47:59.181489,"(-0.6472206711769104, -2.1145565509796143)",bergson_img_2021-04-17_03:47:38.jpg,low
2021-04-17 03:48:21.478456,"(-0.6626375317573547, -2.0917253494262695)",bergson_img_2021-04-17_03:47:59.jpg,low
2021-04-17 03:48:42.378246,"(-0.6770762205123901, -2.069382905960083)",bergson_img_2021-04-17_03:48:21.jpg,low
2021-04-17 03:49:04.683622,"(-0.6918957829475403, -2.0453810691833496)",bergson_img_2021-04-17_03:48:42.jpg,low
2021-04-17 03:49:25.579223,"(-0.705733060836792, -2.021883726119995)",bergson_img_2021-04-17_03:49:04.jpg,low
2021-04-17 03:49:46.311149,"(-0.71925288438797, -1.9977961778640747)",bergson_img_2021-04-17_03:49:25.jpg,low
2021-04-17 03:50:09.104268,"(-0.733676552772522, -1.9707188606262207)",bergson_img_2021-04-17_03:49:46.jpg,low
2021-04-17 03:50:29.860600,"(-0.7458757758140564, -1.946567416191101)",bergson_img_2021-04-17_03:50:09.jpg,low
2021-04-17 03:50:50.706904,"(-0.7583240270614624, -1.9205889701843262)",bergson_img_2021-04-17_03:50:29.jpg,low
2021-04-17 03:51:12.898921,"(-0.7709489464759827, -1.8926805257797241)",bergson_img_2021-04-17_03:50:50.jpg,low
2021-04-17 03:51:33.611214,"(-0.7825833559036255, -1.8653695583343506)",bergson_img_2021-04-17_03:51:12.jpg,low
2021-04-17 03:51:54.137525,"(-0.7937913537025452, -1.8373963832855225)",bergson_img_2021-04-17_03:51:33.jpg,low
2021-04-17 03:52:16.196097,"(-0.8050543069839478, -1.8073763847351074)",bergson_img_2021-04-17_03:51:54.jpg,low
2021-04-17 03:52:36.841320,"(-0.8148494362831116, -1.7794501781463623)",bergson_img_2021-04-17_03:52:16.jpg,low
2021-04-17 03:52:57.530784,"(-0.8246597051620483, -1.749479055404663)",bergson_img_2021-04-17_03:52:36.jpg,low
2021-04-17 03:53:19.610868,"(-0.834394097328186, -1.71737539768219)",bergson_img_2021-04-17_03:52:57.jpg,low
2021-04-17 03:53:40.347729,"(-0.8431468605995178, -1.6860688924789429)",bergson_img_2021-04-17_03:53:19.jpg,low
2021-04-17 03:54:01.102783,"(-0.8513527512550354, -1.6541316509246826)",bergson_img_2021-04-17_03:53:40.jpg,low
2021-04-17 03:54:23.314946,"(-0.8593416213989258, -1.6200191974639893)",bergson_img_2021-04-17_03:54:01.jpg,low
2021-04-17 03:54:44.111234,"(-0.8663675785064697, -1.5868592262268066)",bergson_img_2021-04-17_03:54:23.jpg,low
2021-04-17 03:55:06.387751,"(-0.8730796575546265, -1.551527738571167)",bergson_img_2021-04-17_03:54:44.jpg,low
2021-04-17 03:55:27.196166,"(-0.8788496851921082, -1.5172743797302246)",bergson_img_2021-04-17_03:55:06.jpg,low
2021-04-17 03:55:47.995788,"(-0.883751630783081, -1.4842112064361572)",bergson_img_2021-04-17_03:55:27.jpg,low
2021-04-17 03:56:10.248607,"(-0.8886564373970032, -1.4457097053527832)",bergson_img_2021-04-17_03:55:47.jpg,low
2021-04-17 03:56:31.173091,"(-0.8924363255500793, -1.410163402557373)",bergson_img_2021-04-17_03:56:10.jpg,low
2021-04-17 03:56:51.946402,"(-0.8954057097434998, -1.3760136365890503)",bergson_img_2021-04-17_03:56:31.jpg,low
2021-04-17 03:57:14.198153,"(-0.8980489373207092, -1.3364520072937012)",bergson_img_2021-04-17_03:56:51.jpg,low
2021-04-17 03:57:34.793377,"(-0.8996691703796387, -1.3018602132797241)",bergson_img_2021-04-17_03:57:14.jpg,low
2021-04-17 03:57:55.650741,"(-0.9006859660148621, -1.2654125690460205)",bergson_img_2021-04-17_03:57:34.jpg,low
2021-04-17 03:58:17.883416,"(-0.9009957313537598, -1.227162480354309)",bergson_img_2021-04-17_03:57:55.jpg,low
2021-04-17 03:58:38.717255,"(-0.9005693793296814, -1.1906574964523315)",bergson_img_2021-04-17_03:58:17.jpg,low
2021-04-17 03:58:59.578062,"(-0.8994391560554504, -1.154227375984192)",bergson_img_2021-04-17_03:58:38.jpg,low
2021-04-17 03:59:21.914024,"(-0.8975040912628174, -1.1162152290344238)",bergson_img_2021-04-17_03:58:59.jpg,low
2021-04-17 03:59:42.810921,"(-0.894946277141571, -1.0801441669464111)",bergson_img_2021-04-17_03:59:21.jpg,low
2021-04-17 04:00:05.470627,"(-0.8913580775260925, -1.0409512519836426)",bergson_img_2021-04-17_03:59:42.jpg,low
2021-04-17 04:00:26.368909,"(-0.8873743414878845, -1.0055159330368042)",bergson_img_2021-04-17_04:00:05.jpg,low
2021-04-17 04:00:47.332592,"(-0.8827276229858398, -0.9704704880714417)",bergson_img_2021-04-17_04:00:26.jpg,low
2021-04-17 04:01:09.548449,"(-0.8771634101867676, -0.934228777885437)",bergson_img_2021-04-17_04:00:47.jpg,low
2021-04-17 04:01:30.550280,"(-0.8712033629417419, -0.900132417678833)",bergson_img_2021-04-17_04:01:09.jpg,low
2021-04-17 04:01:51.437423,"(-0.8646262884140015, -0.8665629625320435)",bergson_img_2021-04-17_04:01:30.jpg,low
2021-04-17 04:02:13.693740,"(-0.8570933938026428, -0.8319979310035706)",bergson_img_2021-04-17_04:01:51.jpg,low
2021-04-17 04:02:34.575028,"(-0.8493085503578186, -0.7996100187301636)",bergson_img_2021-04-17_04:02:13.jpg,low
2021-04-17 04:02:55.400772,"(-0.8409627079963684, -0.7678384780883789)",bergson_img_2021-04-17_04:02:34.jpg,low
2021-04-17 04:03:17.662600,"(-0.8316389918327332, -0.7352359294891357)",bergson_img_2021-04-17_04:02:55.jpg,low
2021-04-17 04:03:38.595024,"(-0.8222057819366455, -0.7047809958457947)",bergson_img_2021-04-17_04:03:17.jpg,low
2021-04-17 04:03:59.402707,"(-0.8122721314430237, -0.6749861240386963)",bergson_img_2021-04-17_04:03:38.jpg,low
2021-04-17 04:04:21.707669,"(-0.8013505339622498, -0.6444863080978394)",bergson_img_2021-04-17_04:03:59.jpg,low
2021-04-17 04:04:42.602698,"(-0.790454626083374, -0.6160560846328735)",bergson_img_2021-04-17_04:04:21.jpg,low
2021-04-17 04:05:04.862332,"(-0.778568685054779, -0.58698570728302)",bergson_img_2021-04-17_04:04:42.jpg,low
2021-04-17 04:05:25.674074,"(-0.766793429851532, -0.5599127411842346)",bergson_img_2021-04-17_04:05:04.jpg,low
2021-04-17 04:05:46.635225,"(-0.7546178698539734, -0.5334924459457397)",bergson_img_2021-04-17_04:05:25.jpg,low
2021-04-17 04:06:08.837869,"(-0.7414533495903015, -0.5065030455589294)",bergson_img_2021-04-17_04:05:46.jpg,low
2021-04-17 04:06:29.772969,"(-0.7285155057907104, -0.4813856780529022)",bergson_img_2021-04-17_04:06:08.jpg,low
2021-04-17 04:06:50.614929,"(-0.7152321934700012, -0.45688462257385254)",bergson_img_2021-04-17_04:06:29.jpg,low
2021-04-17 04:07:12.961175,"(-0.7009642720222473, -0.43186143040657043)",bergson_img_2021-04-17_04:06:50.jpg,low
2021-04-17 04:07:33.704714,"(-0.6870256662368774, -0.40857401490211487)",bergson_img_2021-04-17_04:07:12.jpg,low
2021-04-17 04:07:54.583042,"(-0.6727911233901978, -0.38585367798805237)",bergson_img_2021-04-17_04:07:33.jpg,low
2021-04-17 04:08:16.859047,"(-0.6575776934623718, -0.36264026165008545)",bergson_img_2021-04-17_04:07:54.jpg,low
2021-04-17 04:08:37.649983,"(-0.6427833437919617, -0.34102505445480347)",bergson_img_2021-04-17_04:08:16.jpg,low
2021-04-17 04:08:58.458236,"(-0.6277368068695068, -0.3199214041233063)",bergson_img_2021-04-17_04:08:37.jpg,low
2021-04-17 04:09:20.753081,"(-0.6117176413536072, -0.2983410358428955)",bergson_img_2021-04-17_04:08:58.jpg,low
2021-04-17 04:09:41.547543,"(-0.5961951613426208, -0.27822622656822205)",bergson_img_2021-04-17_04:09:20.jpg,low
2021-04-17 04:10:03.827470,"(-0.5797043442726135, -0.2576405107975006)",bergson_img_2021-04-17_04:09:41.jpg,low
2021-04-17 04:10:24.946194,"(-0.5637561082839966, -0.23843592405319214)",bergson_img_2021-04-17_04:10:03.jpg,low
2021-04-17 04:10:45.775954,"(-0.5476167798042297, -0.21964772045612335)",bergson_img_2021-04-17_04:10:24.jpg,low
2021-04-17 04:11:08.032975,"(-0.529733419418335, -0.19952641427516937)",bergson_img_2021-04-17_04:10:45.jpg,low
2021-04-17 04:11:28.974972,"(-0.5140165686607361, -0.1823996901512146)",bergson_img_2021-04-17_04:11:08.jpg,low
2021-04-17 04:11:49.923464,"(-0.49735695123672485, -0.16476981341838837)",bergson_img_2021-04-17_04:11:28.jpg,low
2021-04-17 04:12:12.234841,"(-0.47893664240837097, -0.1458560675382614)",bergson_img_2021-04-17_04:11:49.jpg,low
2021-04-17 04:12:33.045855,"(-0.46196848154067993, -0.1289297491312027)",bergson_img_2021-04-17_04:12:12.jpg,low
2021-04-17 04:12:53.834046,"(-0.4456832706928253, -0.11309823393821716)",bergson_img_2021-04-17_04:12:33.jpg,low
2021-04-17 04:13:15.946496,"(-0.4276367425918579, -0.09599233418703079)",bergson_img_2021-04-17_04:12:53.jpg,low
2021-04-17 04:13:36.938457,"(-0.41028842329978943, -0.07994987070560455)",bergson_img_2021-04-17_04:13:15.jpg,low
2021-04-17 04:13:57.777447,"(-0.3928280770778656, -0.06417133659124374)",bergson_img_2021-04-17_04:13:36.jpg,low
2021-04-17 04:14:20.154812,"(-0.3735843896865845, -0.04717555269598961)",bergson_img_2021-04-17_04:13:57.jpg,low
2021-04-17 04:14:40.901932,"(-0.356754869222641, -0.03262506052851677)",bergson_img_2021-04-17_04:14:20.jpg,low
2021-04-17 04:15:01.807002,"(-0.3389941155910492, -0.01756196655333042)",bergson_img_2021-04-17_04:14:40.jpg,low
2021-04-17 04:15:23.549135,"(-0.3202954828739166, -0.0020032180473208427)",bergson_img_2021-04-17_04:15:01.jpg,low
2021-04-17 04:15:44.361136,"(-0.3023648262023926, 0.01265047024935484)",bergson_img_2021-04-17_04:15:23.jpg,low
2021-04-17 04:16:06.639427,"(-0.28350067138671875, 0.02780890464782715)",bergson_img_2021-04-17_04:15:44.jpg,low
2021-04-17 04:16:27.487746,"(-0.2654235363006592, 0.042107079178094864)",bergson_img_2021-04-17_04:16:06.jpg,low
2021-04-17 04:16:48.377273,"(-0.24728289246559143, 0.056250423192977905)",bergson_img_2021-04-17_04:16:27.jpg,low
2021-04-17 04:17:11.165208,"(-0.22734765708446503, 0.07157723605632782)",bergson_img_2021-04-17_04:16:48.jpg,low
2021-04-17 04:17:31.941610,"(-0.20996062457561493, 0.08477753400802612)",bergson_img_2021-04-17_04:17:11.jpg,low
2021-04-17 04:17:52.795941,"(-0.19165687263011932, 0.09852167218923569)",bergson_img_2021-04-17_04:17:31.jpg,low
2021-04-17 04:18:14.981695,"(-0.17243438959121704, 0.11280470341444016)",bergson_img_2021-04-17_04:17:52.jpg,low
2021-04-17 04:18:35.894268,"(-0.15404538810253143, 0.1263396292924881)",bergson_img_2021-04-17_04:18:14.jpg,low
2021-04-17 04:18:56.896294,"(-0.13562150299549103, 0.13978901505470276)",bergson_img_2021-04-17_04:18:35.jpg,low
2021-04-17 04:19:19.440100,"(-0.11540805548429489, 0.15443378686904907)",bergson_img_2021-04-17_04:18:56.jpg,low
2021-04-17 04:19:40.397148,"(-0.09692501276731491, 0.1677384227514267)",bergson_img_2021-04-17_04:19:19.jpg,low
2021-04-17 04:20:01.317808,"(-0.0784202292561531, 0.18099015951156616)",bergson_img_2021-04-17_04:19:40.jpg,low
2021-04-17 04:20:24.093764,"(-0.05813301354646683, 0.19545550644397736)",bergson_img_2021-04-17_04:20:01.jpg,low
2021-04-17 04:20:44.974272,"(-0.040478937327861786, 0.20800301432609558)",bergson_img_2021-04-17_04:20:24.jpg,low
2021-04-17 04:21:07.289442,"(-0.020166520029306412, 0.22240890562534332)",bergson_img_2021-04-17_04:20:44.jpg,low
2021-04-17 04:21:28.106994,"(-0.0016151247546076775, 0.23555070161819458)",bergson_img_2021-04-17_04:21:07.jpg,low
2021-04-17 04:21:48.857478,"(0.01605377160012722, 0.24806612730026245)",bergson_img_2021-04-17_04:21:28.jpg,low
2021-04-17 04:22:11.060503,"(0.036369506269693375, 0.26246973872184753)",bergson_img_2021-04-17_04:21:48.jpg,low
2021-04-17 04:22:31.744082,"(0.054028406739234924, 0.27501389384269714)",bergson_img_2021-04-17_04:22:11.jpg,low
2021-04-17 04:22:52.623080,"(0.07255928218364716, 0.28821471333503723)",bergson_img_2021-04-17_04:22:31.jpg,low
2021-04-17 04:23:14.696041,"(0.09195616096258163, 0.3020874261856079)",bergson_img_2021-04-17_04:22:52.jpg,low
2021-04-17 04:23:35.539001,"(0.11045140773057938, 0.31538164615631104)",bergson_img_2021-04-17_04:23:14.jpg,low
2021-04-17 04:23:56.538878,"(0.1289229393005371, 0.3287372589111328)",bergson_img_2021-04-17_04:23:35.jpg,low
2021-04-17 04:24:18.900767,"(0.1482440084218979, 0.34280622005462646)",bergson_img_2021-04-17_04:23:56.jpg,low
2021-04-17 04:24:39.558146,"(0.16665367782115936, 0.3563205897808075)",bergson_img_2021-04-17_04:24:18.jpg,low
2021-04-17 04:25:00.603851,"(0.18502649664878845, 0.36992892622947693)",bergson_img_2021-04-17_04:24:39.jpg,low
2021-04-17 04:25:22.954083,"(0.20422978699207306, 0.3842979967594147)",bergson_img_2021-04-17_04:25:00.jpg,low
2021-04-17 04:25:43.740367,"(0.22251300513744354, 0.39813318848609924)",bergson_img_2021-04-17_04:25:22.jpg,low
2021-04-17 04:26:06.018787,"(0.24247890710830688, 0.41343340277671814)",bergson_img_2021-04-17_04:25:43.jpg,low
2021-04-17 04:26:26.869018,"(0.2597859799861908, 0.42687472701072693)",bergson_img_2021-04-17_04:26:06.jpg,low
2021-04-17 04:26:47.835253,"(0.27789872884750366, 0.44113689661026)",bergson_img_2021-04-17_04:26:26.jpg,low
2021-04-17 04:27:10.276116,"(0.29766038060188293, 0.4569464921951294)",bergson_img_2021-04-17_04:26:47.jpg,low
2021-04-17 04:27:31.161337,"(0.3156282901763916, 0.47156745195388794)",bergson_img_2021-04-17_04:27:10.jpg,low
2021-04-17 04:27:51.878942,"(0.3326684832572937, 0.48566949367523193)",bergson_img_2021-04-17_04:27:31.jpg,low
2021-04-17 04:28:14.131487,"(0.3521711528301239, 0.5021156668663025)",bergson_img_2021-04-17_04:27:51.jpg,low
2021-04-17 04:28:35.035401,"(0.3698841631412506, 0.5173599123954773)",bergson_img_2021-04-17_04:28:14.jpg,low
2021-04-17 04:28:56.030612,"(0.38750118017196655, 0.5328362584114075)",bergson_img_2021-04-17_04:28:35.jpg,low
2021-04-17 04:29:18.171905,"(0.40584707260131836, 0.549314022064209)",bergson_img_2021-04-17_04:28:56.jpg,low
2021-04-17 04:29:39.074644,"(0.4232468903064728, 0.565310537815094)",bergson_img_2021-04-17_04:29:18.jpg,low
2021-04-17 04:29:59.875643,"(0.43970975279808044, 0.580802321434021)",bergson_img_2021-04-17_04:29:39.jpg,low
2021-04-17 04:30:22.684458,"(0.45850276947021484, 0.5989456176757812)",bergson_img_2021-04-17_04:29:59.jpg,low
2021-04-17 04:30:43.504538,"(0.4755232632160187, 0.6158342361450195)",bergson_img_2021-04-17_04:30:22.jpg,low
2021-04-17 04:31:05.806339,"(0.49320340156555176, 0.6338761448860168)",bergson_img_2021-04-17_04:30:43.jpg,low
2021-04-17 04:31:26.734825,"(0.5099270939826965, 0.6514485478401184)",bergson_img_2021-04-17_04:31:05.jpg,low
2021-04-17 04:31:47.504987,"(0.5264923572540283, 0.669380784034729)",bergson_img_2021-04-17_04:31:26.jpg,low
2021-04-17 04:32:09.839894,"(0.5436663031578064, 0.6885719299316406)",bergson_img_2021-04-17_04:31:47.jpg,low
2021-04-17 04:32:30.951656,"(0.5598773956298828, 0.7072958946228027)",bergson_img_2021-04-17_04:32:09.jpg,low
2021-04-17 04:32:51.775776,"(0.5759000182151794, 0.7264341711997986)",bergson_img_2021-04-17_04:32:30.jpg,low
2021-04-17 04:33:14.208246,"(0.593219518661499, 0.7478923201560974)",bergson_img_2021-04-17_04:32:51.jpg,low
2021-04-17 04:33:35.019162,"(0.6088114976882935, 0.7679587602615356)",bergson_img_2021-04-17_04:33:14.jpg,low
2021-04-17 04:33:55.768768,"(0.6234531402587891, 0.7875082492828369)",bergson_img_2021-04-17_04:33:35.jpg,low
2021-04-17 04:34:18.183265,"(0.6400260329246521, 0.8105408549308777)",bergson_img_2021-04-17_04:33:55.jpg,low
2021-04-17 04:34:39.232655,"(0.6548962593078613, 0.832105278968811)",bergson_img_2021-04-17_04:34:18.jpg,low
2021-04-17 04:35:00.027945,"(0.6695027351379395, 0.8541993498802185)",bergson_img_2021-04-17_04:34:39.jpg,low
2021-04-17 04:35:22.471058,"(0.6845061182975769, 0.8779338002204895)",bergson_img_2021-04-17_04:35:00.jpg,low
2021-04-17 04:35:43.224636,"(0.6985268592834473, 0.9011697173118591)",bergson_img_2021-04-17_04:35:22.jpg,low
2021-04-17 04:36:05.552353,"(0.7128829956054688, 0.9261392951011658)",bergson_img_2021-04-17_04:35:43.jpg,low
2021-04-17 04:36:26.529104,"(0.7262524962425232, 0.9505897164344788)",bergson_img_2021-04-17_04:36:05.jpg,low
2021-04-17 04:36:47.353915,"(0.7392784953117371, 0.9756574034690857)",bergson_img_2021-04-17_04:36:26.jpg,low
2021-04-17 04:37:09.603019,"(0.7525372505187988, 1.002596139907837)",bergson_img_2021-04-17_04:36:47.jpg,low
2021-04-17 04:37:30.338605,"(0.7648046612739563, 1.0289698839187622)",bergson_img_2021-04-17_04:37:09.jpg,low
2021-04-17 04:37:51.211899,"(0.776673436164856, 1.0559983253479004)",bergson_img_2021-04-17_04:37:30.jpg,low
2021-04-17 04:38:13.298507,"(0.7886589765548706, 1.0850250720977783)",bergson_img_2021-04-17_04:37:51.jpg,low
2021-04-17 04:38:34.268816,"(0.7996514439582825, 1.1134167909622192)",bergson_img_2021-04-17_04:38:13.jpg,low
2021-04-17 04:38:55.092065,"(0.8101857900619507, 1.142479658126831)",bergson_img_2021-04-17_04:38:34.jpg,low
2021-04-17 04:39:17.398093,"(0.8207084536552429, 1.1736449003219604)",bergson_img_2021-04-17_04:38:55.jpg,low
2021-04-17 04:39:38.288316,"(0.8302417397499084, 1.204074501991272)",bergson_img_2021-04-17_04:39:17.jpg,low
2021-04-17 04:39:59.255953,"(0.8392552733421326, 1.2351598739624023)",bergson_img_2021-04-17_04:39:38.jpg,low
2021-04-17 04:40:22.340212,"(0.8485069274902344, 1.269942283630371)",bergson_img_2021-04-17_04:39:59.jpg,low
2021-04-17 04:40:43.496983,"(0.8563663363456726, 1.3023523092269897)",bergson_img_2021-04-17_04:40:22.jpg,low
2021-04-17 04:41:05.847338,"(0.8639764785766602, 1.3369470834732056)",bergson_img_2021-04-17_04:40:43.jpg,low
2021-04-17 04:41:26.968892,"(0.8706261515617371, 1.3705512285232544)",bergson_img_2021-04-17_04:41:05.jpg,low
2021-04-17 04:41:48.063614,"(0.8769289255142212, 1.4063270092010498)",bergson_img_2021-04-17_04:41:26.jpg,low
